{"UL40": {"x": 0.4864583333333333, "y": 0.481962481962482, "Marketing Name": "UL40"}, "Redmi 4A": {"x": 0.44660493827160497, "y": 0.5240545491416572, "Marketing Name": "Redmi 4A"}, "vivo 1723": {"x": 0.4565925925925926, "y": 0.5452259851925073, "Marketing Name": "vivo 1723"}, "Nexus 6P": {"x": 0.08857158943048749, "y": 0.03331567238406011, "Marketing Name": "Nexus 6P"}, "CPH1725": {"x": 0.46067708333333335, "y": 0.4599403898429128, "Marketing Name": "CPH1725"}, "Mi A1": {"x": 0.42987397560510765, "y": 0.43512343575169904, "Marketing Name": "Mi A1"}, "vivo 1727": {"x": 0.43385416666666665, "y": 0.4564232801637138, "Marketing Name": "vivo 1727"}, "Redmi Note 5 Pro": {"x": 0.47404953206508854, "y": 0.48198028872305626, "Marketing Name": "Redmi Note 5 Pro"}, "Pixel 2": {"Marketing Name": "Pixel 2", "x": 0.25277779, "y": 0.171156}, "CPH1727": {"x": 0.4199074074074074, "y": 0.5169045191980972, "Marketing Name": "CPH1727"}, "PH-1": {"x": 0.47501006590217093, "y": 0.9356398034313955, "Marketing Name": "PH-1"}, "CPH1853": {"x": 0.4851190476190476, "y": 0.5196793002915452, "Marketing Name": "CPH1853"}, "K6": {"x": 0.19027777777777777, "y": 0.3714374435411021, "Marketing Name": "K6"}, "Z899VL": {"x": 0.40651041666666665, "y": 0.5454822954822954, "Marketing Name": "Z899VL"}, "MI 8 Lite": {"x": 0.512881679389313, "y": 0.5767313847708895, "Marketing Name": "MI 8 Lite"}, "ROBBY": {"x": 0.4181372549019608, "y": 0.5097348798674399, "Marketing Name": "ROBBY"}, "Redmi 4X": {"x": 0.4750814000814001, "y": 0.5498758524673159, "Marketing Name": "Redmi 4X"}, "Redmi 7": {"x": 0.4064185883997205, "y": 0.5149583436202008, "Marketing Name": "Redmi 7"}, "vivo 1718": {"x": 0.44853395061728396, "y": 0.5090296817697165, "Marketing Name": "vivo 1718"}, "A37fw": {"x": 0.4277777777777778, "y": 0.4803724544480171, "Marketing Name": "A37fw"}, "8050D": {"x": 0.5752777777777778, "y": 0.11577235772357725, "Marketing Name": "8050D"}, "LENNY3": {"x": 0.4359375, "y": 0.5263798701298701, "Marketing Name": "LENNY3"}, "vivo 1806": {"x": 0.5305555555555556, "y": 0.4312361788840762, "Marketing Name": "vivo 1806"}, "moto e(5) play": {"x": 0.47740035692829125, "y": 0.5011528279583749}, "HTC One": {"x": 0.44371980676328504, "y": 0.11891127606928248, "Marketing Name": "One Google Play edition"}, "vivo 1714": {"x": 0.4931286549707602, "y": 0.583902939166097, "Marketing Name": "vivo 1714"}, "motorola one": {"x": 0.5482296762170976, "y": 0.6657662720641999, "Marketing Name": "motorola one"}, "vivo 1815": {"x": 0.4065972222222222, "y": 0.3536231884057971, "Marketing Name": "vivo 1815"}, "vivo 1807": {"x": 0.6119444444444444, "y": 0.5431159420289855, "Marketing Name": "vivo 1807"}, "CPH1717": {"x": 0.45555555555555555, "y": 0.5259531465319247, "Marketing Name": "CPH1717"}, "vivo 1812": {"x": 0.6715277777777778, "y": 0.3072157434402332, "Marketing Name": "vivo 1812"}, "MI 9": {"x": 0.46265489311295166, "y": 0.08281151560144487, "Marketing Name": "MI 9"}, "F1": {"x": 0.275, "y": 0.1681074481074481, "Marketing Name": "F1"}, "CPH1613": {"x": 0.5461640211640212, "y": 0.5623947328127393, "Marketing Name": "CPH1613"}, "moto e5 play": {"x": 0.4814259136457412, "y": 0.5265074805990454, "Marketing Name": "moto e5 play"}, "Nokia 5.1": {"x": 0.4765156992356951, "y": 0.17819720764470903, "Marketing Name": "Nokia 5.1"}, "Nexus 6": {"x": 0.4457581419645644, "y": 0.5753462299325675, "Marketing Name": "Nexus 6"}, "vivo 1805": {"x": 0.5538888888888889, "y": 0.3560644701773734, "Marketing Name": "vivo 1805"}, "Aquaris U": {"x": 0.43031517094017097, "y": 0.5425647746748664, "Marketing Name": "Aquaris U"}, "Redmi 4": {"x": 0.5226190476190476, "y": 0.5589746596490442, "Marketing Name": "Redmi 4 Pro"}, "vivo 1902": {"x": 0.44092592592592594, "y": 0.42635174463131453, "Marketing Name": "vivo 1902"}, "Nexus 5X": {"x": 0.14106664283615397, "y": 0.12154577090818702, "Marketing Name": "Nexus 5X"}, "Redmi 5 Plus": {"x": 0.6039968813513211, "y": 0.48307319023430306, "Marketing Name": "Redmi 5 Plus"}, "G7-L01": {"x": 0.43624999999999997, "y": 0.49470899470899465, "Marketing Name": "G7-L01"}, "Redmi 3S": {"x": 0.44225589225589224, "y": 0.5150404104395235, "Marketing Name": "Redmi 3S"}, "1201": {"x": 0.42879464285714286, "y": 0.73109243697479, "Marketing Name": "1201"}, "S3": {"x": 0.5879751461988304, "y": 0.5488313245293724, "Marketing Name": "S3"}, "moto e5": {"x": 0.4576593137254902, "y": 0.5032168318553295, "Marketing Name": "moto e5"}, "Pixel 3": {"Marketing Name": "Pixel 3", "x": 0.22870371, "y": 0.31804734}, "Nokia 6.1 Plus": {"x": 0.472444730070565, "y": 0.48467019415736184, "Marketing Name": "Nokia 6.1 Plus"}, "CPH1723": {"x": 0.44983164983164986, "y": 0.530616285967968, "Marketing Name": "CPH1723"}, "MI MAX 2": {"x": 0.5842007864908628, "y": 0.07862810728790104, "Marketing Name": "MI MAX 2"}, "S8": {"x": 0.4555615486036198, "y": 0.5208041277354205, "Marketing Name": "S8"}, "CPH1801": {"x": 0.575, "y": 0.5548920532843362, "Marketing Name": "CPH1801"}, "Redmi 5": {"x": 0.6789999999999999, "y": 0.4495797172822716, "Marketing Name": "Redmi 5"}, "S30": {"x": 0.6802083333333333, "y": 0.4903612012987013, "Marketing Name": "S30"}, "Pixel": {"x": 0.5250369146258426, "y": 0.4705447464955295, "Marketing Name": "Pixel"}, "vivo 1802": {"x": 0.4726851851851852, "y": 0.6335184525223727, "Marketing Name": "vivo 1802"}, "5049Z": {"x": 0.524537037037037, "y": 0.47181002682763246, "Marketing Name": "5049Z"}, "Mi A2": {"x": 0.453014481359949, "y": 0.5677830784364203, "Marketing Name": "Mi A2"}, "U FEEL": {"x": 0.44841269841269843, "y": 0.4250503018108652, "Marketing Name": "U FEEL"}, "5056N": {"x": 0.6033333333333333, "y": 0.5206168831168831, "Marketing Name": "5056N"}, "F1f": {"x": 0.5527777777777778, "y": 0.5343495934959349, "Marketing Name": "F1w"}, "Z557BL": {"x": 0.39537558229813663, "y": 0.5107525534076629, "Marketing Name": "Z557BL"}, "X9009": {"x": 0.4494444444444444, "y": 0.46559485530546624, "Marketing Name": "X9009"}, "vivo 1811": {"x": 0.4532986111111111, "y": 0.5370337372297458, "Marketing Name": "vivo 1811"}, "HAFURY MIX": {"x": 0.38257575757575757, "y": 0.5178571428571429, "Marketing Name": "HAFURY MIX"}, "A37f": {"x": 0.5021198830409357, "y": 0.5453545439160602, "Marketing Name": "A37fw-International"}, "FIG-LX1": {"x": 0.46360019792011475, "y": 0.49171390276953636, "Marketing Name": "FIG-LX1"}, "Redmi Note 5": {"x": 0.45754551946804933, "y": 0.5249665751167925, "Marketing Name": "Redmi Note 5 Pro"}, "6062W": {"x": 0.5029003267973856, "y": 0.5833281011310231, "Marketing Name": "6062W"}, "vivo 1901": {"x": 0.623263888888889, "y": 0.0974002849002849, "Marketing Name": "vivo 1901"}, "RIDGE FAB 4G": {"x": 0.43930555555555556, "y": 0.5768077601410935, "Marketing Name": "RIDGE FAB 4G"}, "FRD-L02": {"x": 0.4138888888888889, "y": 0.5291811846689896, "Marketing Name": "FRD-L02"}, "Vodafone Smart ultra 6": {"x": 0.4533068783068783, "y": 0.4670936593410461, "Marketing Name": "Vodafone Smart ultra 6"}, "Z999": {"x": 0.38287037037037036, "y": 0.516809188464118, "Marketing Name": "Z999"}, "vivo 1724": {"x": 0.5304659498207885, "y": 0.5422458014851704, "Marketing Name": "vivo 1724"}, "vivo 1726": {"x": 0.48194444444444445, "y": 0.594952482775006, "Marketing Name": "vivo 1726"}, "Z832": {"x": 0.44270833333333337, "y": 0.5257427757427757, "Marketing Name": "Z832"}, "Z835": {"x": 0.43083968832891245, "y": 0.48204050851109675, "Marketing Name": "Z835"}, "Redmi 3": {"x": 0.5407407407407407, "y": 0.6135501355013551, "Marketing Name": "Redmi 3"}, "Galaxy Nexus": {"x": 0.23541666666666666, "y": 0.21671075837742504, "Marketing Name": "Galaxy Nexus"}, "CHM-U01": {"x": 0.6530555555555556, "y": 0.11398373983739835, "Marketing Name": "CHM-U01"}, "Nokia 3.1 Plus": {"x": 0.4741298403062119, "y": 0.37303514918297903, "Marketing Name": "Nokia 3.1 Plus"}, "S60": {"x": 0.44871399176954735, "y": 0.5024894245784657, "Marketing Name": "Polaroid Snap S60"}, "moto e5 plus": {"x": 0.42806052863541066, "y": 0.51193460872035, "Marketing Name": "moto e5 plus"},